market_date,run_id,run_created_at,rank1_theme,rank2_theme,rank3_theme
2026-09-05,34005617175,2026-09-06T02:06:36Z,Oil & Gas Refining & Marketing,能源,云软件
2026-09-07,34171395101,2026-09-07T23:51:07Z,能源,云软件,生物医药
2026-09-08,34292004080,2026-09-08T23:44:48Z,能源,云软件,生物医药
2026-09-09,34417913173,2026-09-09T23:39:48Z,能源,云软件,黄金矿业
2026-09-10,34542648645,2026-09-10T23:33:02Z,云软件,能源,大型科技
2026-09-11,34658970911,2026-09-11T23:40:55Z,能源,黄金矿业,大型科技
2026-09-14,34911637943,2026-09-15T00:04:33Z,能源,大型科技,云软件
2026-09-15,35037345006,2026-09-15T23:49:14Z,能源,云软件,大型科技
2026-09-16,35164557272,2026-09-16T23:58:09Z,云软件,网络安全,大型科技
2026-09-17,35288381786,2026-09-17T23:47:22Z,网络安全,云软件,大型科技
2026-09-18,35406840862,2026-09-18T23:44:17Z,网络安全,大型科技,半导体
2026-09-21,35671724529,2026-09-22T00:23:04Z,网络安全,大型科技,半导体
2026-09-22,35799634036,2026-09-22T23:54:36Z,网络安全,半导体,大型科技
2026-09-23,35936854222,2026-09-24T00:06:22Z,网络安全,半导体,大型科技
2026-09-24,36076159285,2026-09-25T00:08:39Z,网络安全,半导体,大型科技
